{
   "abstract" : "PDQ Bach",
   "author" : [
      "J. S. Bach (bach@cpan.org)"
   ],
   "dynamic_config" : 1,
   "generated_by" : "ExtUtils::MakeMaker version 6.88, CPAN::Meta::Converter version 2.133380",
   "license" : [
      "perl_5"
   ],
   "meta-spec" : {
      "url" : "http://search.cpan.org/perldoc?CPAN::Meta::Spec",
      "version" : "2"
   },
   "name" : "PDQ",
   "no_index" : {
      "directory" : [
         "inc",
         "t",
         "xt"
      ]
   },
   "prereqs" : {
      "build" : {
         "requires" : {
            "Test::More" : "0.88"
         }
      },
      "configure" : {
         "requires" : {
            "ExtUtils::MakeMaker" : "0"
         }
      },
      "runtime" : {
         "requires" : {
            "Carp" : "0",
            "perl" : "5.006002",
            "strict" : "0",
            "warnings" : "0"
         }
      }
   },
   "provides" : {
      "PDQ" : {
         "file" : "lib/PDQ.pm",
         "version" : "0.000_01"
      }
   },
   "release_status" : "testing",
   "resources" : {
      "license" : [
         "http://dev.perl.org/licenses/"
      ]
   },
   "version" : "0.000_01"
}
